millis,stamp,datetime,motion
999, 1564429774, 2019/7/29 19:49:34, Inactive
1999, 1564429775, 2019/7/29 19:49:35, Inactive
2999, 1564429776, 2019/7/29 19:49:36, Inactive
3999, 1564429777, 2019/7/29 19:49:37, Active
4999, 1564429778, 2019/7/29 19:49:38, Active
5999, 1564429779, 2019/7/29 19:49:39, Active
6999, 1564429780, 2019/7/29 19:49:40, Active
7999, 1564429781, 2019/7/29 19:49:41, Active
8999, 1564429782, 2019/7/29 19:49:42, Active
9999, 1564429783, 2019/7/29 19:49:43, Active
10998, 1564429784, 2019/7/29 19:49:44, Active
11999, 1564429785, 2019/7/29 19:49:45, Inactive
12999, 1564429786, 2019/7/29 19:49:46, Inactive
13999, 1564429787, 2019/7/29 19:49:47, Inactive
14999, 1564429788, 2019/7/29 19:49:48, Active
16000, 1564429789, 2019/7/29 19:49:49, Active
16999, 1564429790, 2019/7/29 19:49:50, Active
17999, 1564429791, 2019/7/29 19:49:51, Active
18999, 1564429792, 2019/7/29 19:49:52, Active
19999, 1564429793, 2019/7/29 19:49:53, Active
20999, 1564429794, 2019/7/29 19:49:54, Active
21999, 1564429795, 2019/7/29 19:49:55, Active
22999, 1564429796, 2019/7/29 19:49:56, Active
23999, 1564429797, 2019/7/29 19:49:57, Active
24998, 1564429798, 2019/7/29 19:49:58, Active
25999, 1564429799, 2019/7/29 19:49:59, Inactive
26999, 1564429800, 2019/7/29 19:50:0, Inactive
27999, 1564429801, 2019/7/29 19:50:1, Inactive
28999, 1564429802, 2019/7/29 19:50:2, Inactive
30000, 1564429803, 2019/7/29 19:50:3, Inactive
30999, 1564429804, 2019/7/29 19:50:4, Inactive
32000, 1564429805, 2019/7/29 19:50:5, Active
32999, 1564429806, 2019/7/29 19:50:6, Active
33999, 1564429807, 2019/7/29 19:50:7, Active
34999, 1564429808, 2019/7/29 19:50:8, Active
35999, 1564429809, 2019/7/29 19:50:9, Active
36999, 1564429810, 2019/7/29 19:50:10, Inactive
37999, 1564429811, 2019/7/29 19:50:11, Inactive
38999, 1564429812, 2019/7/29 19:50:12, Inactive
39999, 1564429813, 2019/7/29 19:50:13, Inactive
40999, 1564429814, 2019/7/29 19:50:14, Active
41999, 1564429815, 2019/7/29 19:50:15, Active
42998, 1564429816, 2019/7/29 19:50:16, Active
43999, 1564429817, 2019/7/29 19:50:17, Active
44999, 1564429818, 2019/7/29 19:50:18, Active
45999, 1564429819, 2019/7/29 19:50:19, Active
46999, 1564429820, 2019/7/29 19:50:20, Active
48000, 1564429821, 2019/7/29 19:50:21, Active
48999, 1564429822, 2019/7/29 19:50:22, Active
49999, 1564429823, 2019/7/29 19:50:23, Active
50999, 1564429824, 2019/7/29 19:50:24, Active
51999, 1564429825, 2019/7/29 19:50:25, Active
52999, 1564429826, 2019/7/29 19:50:26, Active
53999, 1564429827, 2019/7/29 19:50:27, Active
54999, 1564429828, 2019/7/29 19:50:28, Active
55999, 1564429829, 2019/7/29 19:50:29, Active
56999, 1564429830, 2019/7/29 19:50:30, Active
57999, 1564429831, 2019/7/29 19:50:31, Active
58999, 1564429832, 2019/7/29 19:50:32, Active
59998, 1564429833, 2019/7/29 19:50:33, Inactive
60999, 1564429834, 2019/7/29 19:50:34, Inactive
61999, 1564429835, 2019/7/29 19:50:35, Inactive
62999, 1564429836, 2019/7/29 19:50:36, Inactive
64000, 1564429837, 2019/7/29 19:50:37, Inactive
64999, 1564429838, 2019/7/29 19:50:38, Inactive
65999, 1564429839, 2019/7/29 19:50:39, Inactive
66999, 1564429840, 2019/7/29 19:50:40, Active
67999, 1564429841, 2019/7/29 19:50:41, Active
68999, 1564429842, 2019/7/29 19:50:42, Active
69999, 1564429843, 2019/7/29 19:50:43, Active
70999, 1564429844, 2019/7/29 19:50:44, Active
71999, 1564429845, 2019/7/29 19:50:45, Active
72999, 1564429846, 2019/7/29 19:50:46, Inactive
73999, 1564429847, 2019/7/29 19:50:47, Inactive
74998, 1564429848, 2019/7/29 19:50:48, Inactive
75999, 1564429849, 2019/7/29 19:50:49, Active
76999, 1564429850, 2019/7/29 19:50:50, Active
77999, 1564429851, 2019/7/29 19:50:51, Active
78999, 1564429852, 2019/7/29 19:50:52, Active
80000, 1564429853, 2019/7/29 19:50:53, Active
80999, 1564429854, 2019/7/29 19:50:54, Inactive
81999, 1564429855, 2019/7/29 19:50:55, Inactive
82999, 1564429856, 2019/7/29 19:50:56, Active
83999, 1564429857, 2019/7/29 19:50:57, Active
84999, 1564429858, 2019/7/29 19:50:58, Active
85999, 1564429859, 2019/7/29 19:50:59, Active
86999, 1564429860, 2019/7/29 19:51:0, Inactive
87998, 1564429861, 2019/7/29 19:51:1, Inactive
88998, 1564429862, 2019/7/29 19:51:2, Inactive
89999, 1564429863, 2019/7/29 19:51:3, Active
90999, 1564429864, 2019/7/29 19:51:4, Active
91999, 1564429865, 2019/7/29 19:51:5, Active
92999, 1564429866, 2019/7/29 19:51:6, Inactive
94000, 1564429867, 2019/7/29 19:51:7, Inactive
94999, 1564429868, 2019/7/29 19:51:8, Inactive
96000, 1564429869, 2019/7/29 19:51:9, Active
96999, 1564429870, 2019/7/29 19:51:10, Active
97999, 1564429871, 2019/7/29 19:51:11, Active
98999, 1564429872, 2019/7/29 19:51:12, Active
99999, 1564429873, 2019/7/29 19:51:13, Inactive
100999, 1564429874, 2019/7/29 19:51:14, Inactive
101999, 1564429875, 2019/7/29 19:51:15, Inactive
102999, 1564429876, 2019/7/29 19:51:16, Active
103999, 1564429877, 2019/7/29 19:51:17, Active
104999, 1564429878, 2019/7/29 19:51:18, Active
105999, 1564429879, 2019/7/29 19:51:19, Inactive
106999, 1564429880, 2019/7/29 19:51:20, Inactive
107999, 1564429881, 2019/7/29 19:51:21, Inactive
109000, 1564429882, 2019/7/29 19:51:22, Active
109999, 1564429883, 2019/7/29 19:51:23, Active
110999, 1564429884, 2019/7/29 19:51:24, Active
112000, 1564429885, 2019/7/29 19:51:25, Active
112999, 1564429886, 2019/7/29 19:51:26, Inactive
113999, 1564429887, 2019/7/29 19:51:27, Inactive
114999, 1564429888, 2019/7/29 19:51:28, Inactive
115999, 1564429889, 2019/7/29 19:51:29, Inactive
116999, 1564429890, 2019/7/29 19:51:30, Inactive
117999, 1564429891, 2019/7/29 19:51:31, Inactive
118999, 1564429892, 2019/7/29 19:51:32, Inactive
119998, 1564429893, 2019/7/29 19:51:33, Inactive
120999, 1564429894, 2019/7/29 19:51:34, Inactive
121999, 1564429895, 2019/7/29 19:51:35, Active
122999, 1564429896, 2019/7/29 19:51:36, Active
123999, 1564429897, 2019/7/29 19:51:37, Active
124998, 1564429898, 2019/7/29 19:51:38, Active
126000, 1564429899, 2019/7/29 19:51:39, Inactive
126999, 1564429900, 2019/7/29 19:51:40, Inactive
128000, 1564429901, 2019/7/29 19:51:41, Inactive
128999, 1564429902, 2019/7/29 19:51:42, Inactive
129999, 1564429903, 2019/7/29 19:51:43, Active
130999, 1564429904, 2019/7/29 19:51:44, Active
131999, 1564429905, 2019/7/29 19:51:45, Active
132999, 1564429906, 2019/7/29 19:51:46, Active
133999, 1564429907, 2019/7/29 19:51:47, Active
135000, 1564429908, 2019/7/29 19:51:48, Inactive
135999, 1564429909, 2019/7/29 19:51:49, Inactive
136998, 1564429910, 2019/7/29 19:51:50, Inactive
137999, 1564429911, 2019/7/29 19:51:51, Inactive
138999, 1564429912, 2019/7/29 19:51:52, Inactive
139999, 1564429913, 2019/7/29 19:51:53, Inactive
140999, 1564429914, 2019/7/29 19:51:54, Active
142000, 1564429915, 2019/7/29 19:51:55, Active
142999, 1564429916, 2019/7/29 19:51:56, Inactive
144000, 1564429917, 2019/7/29 19:51:57, Inactive
144999, 1564429918, 2019/7/29 19:51:58, Inactive
145999, 1564429919, 2019/7/29 19:51:59, Inactive
146999, 1564429920, 2019/7/29 19:52:0, Inactive
147999, 1564429921, 2019/7/29 19:52:1, Inactive
148999, 1564429922, 2019/7/29 19:52:2, Active
149999, 1564429923, 2019/7/29 19:52:3, Active
151000, 1564429924, 2019/7/29 19:52:4, Active
151999, 1564429925, 2019/7/29 19:52:5, Active
152999, 1564429926, 2019/7/29 19:52:6, Active
153999, 1564429927, 2019/7/29 19:52:7, Active
154999, 1564429928, 2019/7/29 19:52:8, Active
155999, 1564429929, 2019/7/29 19:52:9, Inactive
156999, 1564429930, 2019/7/29 19:52:10, Inactive
157999, 1564429931, 2019/7/29 19:52:11, Inactive
158999, 1564429932, 2019/7/29 19:52:12, Inactive
160000, 1564429933, 2019/7/29 19:52:13, Inactive
160999, 1564429934, 2019/7/29 19:52:14, Inactive
161999, 1564429935, 2019/7/29 19:52:15, Inactive
162999, 1564429936, 2019/7/29 19:52:16, Inactive
163999, 1564429937, 2019/7/29 19:52:17, Inactive
164999, 1564429938, 2019/7/29 19:52:18, Inactive
165999, 1564429939, 2019/7/29 19:52:19, Inactive
166999, 1564429940, 2019/7/29 19:52:20, Inactive
167999, 1564429941, 2019/7/29 19:52:21, Inactive
168999, 1564429942, 2019/7/29 19:52:22, Inactive
169999, 1564429943, 2019/7/29 19:52:23, Inactive
170999, 1564429944, 2019/7/29 19:52:24, Inactive
171999, 1564429945, 2019/7/29 19:52:25, Inactive
172998, 1564429946, 2019/7/29 19:52:26, Inactive
173999, 1564429947, 2019/7/29 19:52:27, Inactive
174999, 1564429948, 2019/7/29 19:52:28, Inactive
176000, 1564429949, 2019/7/29 19:52:29, Inactive
176999, 1564429950, 2019/7/29 19:52:30, Inactive
177999, 1564429951, 2019/7/29 19:52:31, Inactive
178999, 1564429952, 2019/7/29 19:52:32, Inactive
179999, 1564429953, 2019/7/29 19:52:33, Inactive
180999, 1564429954, 2019/7/29 19:52:34, Inactive
181999, 1564429955, 2019/7/29 19:52:35, Inactive
183000, 1564429956, 2019/7/29 19:52:36, Inactive
183999, 1564429957, 2019/7/29 19:52:37, Inactive
184999, 1564429958, 2019/7/29 19:52:38, Inactive
185999, 1564429959, 2019/7/29 19:52:39, Inactive
186999, 1564429960, 2019/7/29 19:52:40, Inactive
187999, 1564429961, 2019/7/29 19:52:41, Active
188999, 1564429962, 2019/7/29 19:52:42, Active
190000, 1564429963, 2019/7/29 19:52:43, Inactive
